Workbook

Sheet cột
A3: Row Labels | B3: Sum of Doanh thu
A4: HR | B4: 41062
A5: IT | B5: 35971
A6: Marketing | B6: 55563
A7: Sales | B7: 37502
A8: Grand Total | B8: 170098

Sheet đường
A3: Row Labels | B3: Sum of Doanh thu
A4: 45444 | B4: 2125
A5: 45445 | B5: 8864
A6: 45446 | B6: 25535
A7: 45447 | B7: 7544
A8: 45448 | B8: 4239
A9: 45449 | B9: 9965
A10: 45450 | B10: 5102
A11: 45452 | B11: 2077
A12: 45453 | B12: 14196
A13: 45454 | B13: 6350
A14: 45456 | B14: 2646
A15: 45457 | B15: 30822
... A20: 45462 | B20: 10279
A21: Grand Total | B21: 170098

Sheet kết hợp
A3: Row Labels | B3: Average of Doanh thu | C3: Max of Lương cơ bản
A4: HR | B4: 5866 | C4: 4000
A5: IT | B5: 5138.7143 | C5: 6500
A6: Marketing | B6: 6173.6667 | C6: 5500
A7: Sales | B7: 5357.4286 | C7: 6000
A8: Grand Total | B8: 5669.9333 | C8: 6500

Sheet Bai tap chinh
A1: Nhân viên | B1: Bộ phận | C1: Doanh thu | D1: Trạng thái | E1: Tên viết hoa | F1: Ngày bắt đầu | G1: Ngày kết thúc | H1: Lương cơ bản
A2: Hoang Van E | B2: Sales | C2: 5950 | D2: Hoàn thành | E2: HOANG VAN E | F2: 45460 | G2: 45467 | H2: =VLOOKUP(B2, 'Bang luong tra cuu'!$A$2:$B$5, 2, FALSE) -> 6000
A3: Dang Thi F | B3: HR | C3: 4239 | D3: Chưa hoàn | E3: DANG THI F | F3: 45448 | G3: 45456 | H3: =VLOOKUP(B3, 'Bang luong tra cuu'!$A$2:$B$5, 2, FALSE) -> 4000
A4: Trinh Van I | B4: HR | C4: 8269 | D4: Chưa hoàn | E4: TRINH VAN I | F4: 45457 | G4: 45463 | H4: =VLOOKUP(B4, 'Bang luong tra cuu'!$A$2:$B$5, 2, FALSE) -> 4000
A5: Nguyen Van A | B5: IT | C5: 6350 | D5: Chưa hoàn | E5: NGUYEN VAN A | F5: 45454 | G5: 45459 | H5: =VLOOKUP(B5, 'Bang luong tra cuu'!$A$2:$B$5, 2, FALSE) -> 6500
A6: Bui Van G | B6: Marketing | C6: 4741 | D6: Hoàn thành | E6: BUI VAN G | F6: 45458 | G6: 45463 | H6: =VLOOKUP(B6, 'Bang luong tra cuu'!$A$2:$B$5, 2, FALSE) -> 5500
A7: Pham Thi D | B7: HR | C7: 8123 | D7: Chưa hoàn | E7: PHAM THI D | F7: 45457 | G7: 45466 | H7: =VLOOKUP(B7, 'Bang luong tra cuu'!$A$2:$B$5, 2, FALSE) -> 4000
A8: Do Thi H | B8: IT | C8: 7700 | D8: Chưa hoàn | E8: DO THI H | F8: 45446 | G8: 45455 | H8: =VLOOKUP(B8, 'Bang luong tra cuu'!$A$2:$B$5, 2, FALSE) -> 6500
A9: Do Thi H | B9: Marketing | C9: 2927 | D9: Hoàn thành | E9: DO THI H | F9: 45461 | G9: 45464 | H9: =VLOOKUP(B9, 'Bang luong tra cuu'!$A$2:$B$5, 2, FALSE) -> 5500
A10: Pham Thi D | B10: IT | C10: 4925 | D10: Hoàn thành | E10: PHAM THI D | F10: 45459 | G10: 45462 | H10: =VLOOKUP(B10, 'Bang luong tra cuu'!$A$2:$B$5, 2, FALSE) -> 6500
A11: Hoang Van E | B11: HR | C11: 8783 | D11: Hoàn thành | E11: HOANG VAN E | F11: 45446 | G11: 45453 | H11: =VLOOKUP(B11, 'Bang luong tra cuu'!$A$2:$B$5, 2, FALSE) -> 4000
A12: Dang Thi F | B12: Sales | C12: 7544 | D12: Chưa hoàn | E12: DANG THI F | F12: 45447 | G12: 45453 | H12: =VLOOKUP(B12, 'Bang luong tra cuu'!$A$2:$B$5, 2, FALSE) -> 6000
A13: Le Van C | B13: Sales | C13: 4811 | D13: Hoàn thành | E13: LE VAN C | F13: 45453 | G13: 45461 | H13: =VLOOKUP(B13, 'Bang luong tra cuu'!$A$2:$B$5, 2, FALSE) -> 6000
... A31: Dang Thi F | B31: Marketing | C31: 5102 | D31: Chưa hoàn | E31: DANG THI F | F31: 45450 | G31: 45455 | H31: =VLOOKUP(B31, 'Bang luong tra cuu'!$A$2:$B$5, 2, FALSE) -> 5500

Sheet Bang luong tra cuu
A1: Bộ phận | B1: Lương cơ bản
A2: Sales | B2: 6000
A3: HR | B3: 4000
A4: Marketing | B4: 5500
A5: IT | B5: 6500
